snapshot_id,asset_id,timestamp,sampling_rate,duration_ms,axis,ref_rpm,metric_id
WAVEFORM-000001,CNC-MAZAK-01,2024-01-08T10:00:00+08:00,12800,1000,X,3000,CNC01_SPINDLE_VIB_X
WAVEFORM-000002,CNC-MAZAK-01,2024-01-08T10:00:00+08:00,12800,1000,Y,2500,CNC01_SPINDLE_VIB_Y
WAVEFORM-000003,CNC-MAZAK-01,2024-01-08T10:00:00+08:00,12800,1000,Z,1500,CNC01_SPINDLE_VIB_Z
WAVEFORM-000004,CNC-MAZAK-02,2024-01-08T10:00:00+08:00,12800,1000,X,1500,CNC02_SPINDLE_VIB_X
WAVEFORM-000005,CNC-MAZAK-02,2024-01-08T10:00:00+08:00,12800,1000,Y,3000,CNC02_SPINDLE_VIB_Y
WAVEFORM-000006,CNC-MAZAK-02,2024-01-08T10:00:00+08:00,12800,1000,Z,1500,CNC02_SPINDLE_VIB_Z
WAVEFORM-000007,MILL-HAAS-01,2024-01-08T10:00:00+08:00,12800,1000,X,2000,MILL01_SPINDLE_VIB
WAVEFORM-000008,MILL-HAAS-01,2024-01-08T10:00:00+08:00,12800,1000,Y,2500,MILL01_SPINDLE_VIB
WAVEFORM-000009,MILL-HAAS-01,2024-01-08T10:00:00+08:00,12800,1000,Z,2500,MILL01_SPINDLE_VIB
WAVEFORM-000010,CNC-MAZAK-01,2024-01-11T10:00:00+08:00,12800,1000,X,2500,CNC01_SPINDLE_VIB_X
WAVEFORM-000011,CNC-MAZAK-01,2024-01-11T10:00:00+08:00,12800,1000,Y,2000,CNC01_SPINDLE_VIB_Y
WAVEFORM-000012,CNC-MAZAK-01,2024-01-11T10:00:00+08:00,12800,1000,Z,1500,CNC01_SPINDLE_VIB_Z
WAVEFORM-000013,CNC-MAZAK-02,2024-01-11T10:00:00+08:00,12800,1000,X,3000,CNC02_SPINDLE_VIB_X
WAVEFORM-000014,CNC-MAZAK-02,2024-01-11T10:00:00+08:00,12800,1000,Y,2000,CNC02_SPINDLE_VIB_Y
WAVEFORM-000015,CNC-MAZAK-02,2024-01-11T10:00:00+08:00,12800,1000,Z,1500,CNC02_SPINDLE_VIB_Z
WAVEFORM-000016,MILL-HAAS-01,2024-01-11T10:00:00+08:00,12800,1000,X,1500,MILL01_SPINDLE_VIB
WAVEFORM-000017,MILL-HAAS-01,2024-01-11T10:00:00+08:00,12800,1000,Y,1500,MILL01_SPINDLE_VIB
WAVEFORM-000018,MILL-HAAS-01,2024-01-11T10:00:00+08:00,12800,1000,Z,2500,MILL01_SPINDLE_VIB
WAVEFORM-000019,CNC-MAZAK-01,2024-01-12T10:00:00+08:00,12800,1000,X,3000,CNC01_SPINDLE_VIB_X
WAVEFORM-000020,CNC-MAZAK-01,2024-01-12T10:00:00+08:00,12800,1000,Y,2500,CNC01_SPINDLE_VIB_Y
WAVEFORM-000021,CNC-MAZAK-01,2024-01-12T10:00:00+08:00,12800,1000,Z,2500,CNC01_SPINDLE_VIB_Z
WAVEFORM-000022,CNC-MAZAK-02,2024-01-12T10:00:00+08:00,12800,1000,X,1500,CNC02_SPINDLE_VIB_X
WAVEFORM-000023,CNC-MAZAK-02,2024-01-12T10:00:00+08:00,12800,1000,Y,3000,CNC02_SPINDLE_VIB_Y
WAVEFORM-000024,CNC-MAZAK-02,2024-01-12T10:00:00+08:00,12800,1000,Z,2000,CNC02_SPINDLE_VIB_Z
WAVEFORM-000025,MILL-HAAS-01,2024-01-12T10:00:00+08:00,12800,1000,X,1500,MILL01_SPINDLE_VIB
WAVEFORM-000026,MILL-HAAS-01,2024-01-12T10:00:00+08:00,12800,1000,Y,1500,MILL01_SPINDLE_VIB
WAVEFORM-000027,MILL-HAAS-01,2024-01-12T10:00:00+08:00,12800,1000,Z,1500,MILL01_SPINDLE_VIB
WAVEFORM-000028,CNC-MAZAK-01,2024-01-19T10:00:00+08:00,12800,1000,X,3000,CNC01_SPINDLE_VIB_X
WAVEFORM-000029,CNC-MAZAK-01,2024-01-19T10:00:00+08:00,12800,1000,Y,3000,CNC01_SPINDLE_VIB_Y
WAVEFORM-000030,CNC-MAZAK-01,2024-01-19T10:00:00+08:00,12800,1000,Z,3000,CNC01_SPINDLE_VIB_Z
WAVEFORM-000031,CNC-MAZAK-02,2024-01-19T10:00:00+08:00,12800,1000,X,2000,CNC02_SPINDLE_VIB_X
WAVEFORM-000032,CNC-MAZAK-02,2024-01-19T10:00:00+08:00,12800,1000,Y,2500,CNC02_SPINDLE_VIB_Y
WAVEFORM-000033,CNC-MAZAK-02,2024-01-19T10:00:00+08:00,12800,1000,Z,1500,CNC02_SPINDLE_VIB_Z
WAVEFORM-000034,MILL-HAAS-01,2024-01-19T10:00:00+08:00,12800,1000,X,2000,MILL01_SPINDLE_VIB
WAVEFORM-000035,MILL-HAAS-01,2024-01-19T10:00:00+08:00,12800,1000,Y,2500,MILL01_SPINDLE_VIB
WAVEFORM-000036,MILL-HAAS-01,2024-01-19T10:00:00+08:00,12800,1000,Z,3000,MILL01_SPINDLE_VIB
WAVEFORM-000037,CNC-MAZAK-01,2024-02-06T10:00:00+08:00,12800,1000,X,1500,CNC01_SPINDLE_VIB_X
WAVEFORM-000038,CNC-MAZAK-01,2024-02-06T10:00:00+08:00,12800,1000,Y,1500,CNC01_SPINDLE_VIB_Y
WAVEFORM-000039,CNC-MAZAK-01,2024-02-06T10:00:00+08:00,12800,1000,Z,2500,CNC01_SPINDLE_VIB_Z
WAVEFORM-000040,CNC-MAZAK-02,2024-02-06T10:00:00+08:00,12800,1000,X,2500,CNC02_SPINDLE_VIB_X
WAVEFORM-000041,CNC-MAZAK-02,2024-02-06T10:00:00+08:00,12800,1000,Y,2500,CNC02_SPINDLE_VIB_Y
WAVEFORM-000042,CNC-MAZAK-02,2024-02-06T10:00:00+08:00,12800,1000,Z,1500,CNC02_SPINDLE_VIB_Z
WAVEFORM-000043,MILL-HAAS-01,2024-02-06T10:00:00+08:00,12800,1000,X,2500,MILL01_SPINDLE_VIB
WAVEFORM-000044,MILL-HAAS-01,2024-02-06T10:00:00+08:00,12800,1000,Y,2500,MILL01_SPINDLE_VIB
WAVEFORM-000045,MILL-HAAS-01,2024-02-06T10:00:00+08:00,12800,1000,Z,2500,MILL01_SPINDLE_VIB
WAVEFORM-000046,CNC-MAZAK-01,2024-02-10T10:00:00+08:00,12800,1000,X,3000,CNC01_SPINDLE_VIB_X
WAVEFORM-000047,CNC-MAZAK-01,2024-02-10T10:00:00+08:00,12800,1000,Y,3000,CNC01_SPINDLE_VIB_Y
WAVEFORM-000048,CNC-MAZAK-01,2024-02-10T10:00:00+08:00,12800,1000,Z,2000,CNC01_SPINDLE_VIB_Z
WAVEFORM-000049,CNC-MAZAK-02,2024-02-10T10:00:00+08:00,12800,1000,X,2000,CNC02_SPINDLE_VIB_X
WAVEFORM-000050,CNC-MAZAK-02,2024-02-10T10:00:00+08:00,12800,1000,Y,2500,CNC02_SPINDLE_VIB_Y
WAVEFORM-000051,CNC-MAZAK-02,2024-02-10T10:00:00+08:00,12800,1000,Z,3000,CNC02_SPINDLE_VIB_Z
WAVEFORM-000052,MILL-HAAS-01,2024-02-10T10:00:00+08:00,12800,1000,X,3000,MILL01_SPINDLE_VIB
WAVEFORM-000053,MILL-HAAS-01,2024-02-10T10:00:00+08:00,12800,1000,Y,3000,MILL01_SPINDLE_VIB
WAVEFORM-000054,MILL-HAAS-01,2024-02-10T10:00:00+08:00,12800,1000,Z,2500,MILL01_SPINDLE_VIB
WAVEFORM-000055,CNC-MAZAK-01,2024-02-14T10:00:00+08:00,12800,1000,X,2000,CNC01_SPINDLE_VIB_X
WAVEFORM-000056,CNC-MAZAK-01,2024-02-14T10:00:00+08:00,12800,1000,Y,2000,CNC01_SPINDLE_VIB_Y
WAVEFORM-000057,CNC-MAZAK-01,2024-02-14T10:00:00+08:00,12800,1000,Z,3000,CNC01_SPINDLE_VIB_Z
WAVEFORM-000058,CNC-MAZAK-02,2024-02-14T10:00:00+08:00,12800,1000,X,2000,CNC02_SPINDLE_VIB_X
WAVEFORM-000059,CNC-MAZAK-02,2024-02-14T10:00:00+08:00,12800,1000,Y,2000,CNC02_SPINDLE_VIB_Y
WAVEFORM-000060,CNC-MAZAK-02,2024-02-14T10:00:00+08:00,12800,1000,Z,1500,CNC02_SPINDLE_VIB_Z
WAVEFORM-000061,MILL-HAAS-01,2024-02-14T10:00:00+08:00,12800,1000,X,2000,MILL01_SPINDLE_VIB
WAVEFORM-000062,MILL-HAAS-01,2024-02-14T10:00:00+08:00,12800,1000,Y,1500,MILL01_SPINDLE_VIB
WAVEFORM-000063,MILL-HAAS-01,2024-02-14T10:00:00+08:00,12800,1000,Z,2500,MILL01_SPINDLE_VIB
WAVEFORM-000064,CNC-MAZAK-01,2024-02-17T10:00:00+08:00,12800,1000,X,3000,CNC01_SPINDLE_VIB_X
WAVEFORM-000065,CNC-MAZAK-01,2024-02-17T10:00:00+08:00,12800,1000,Y,2500,CNC01_SPINDLE_VIB_Y
WAVEFORM-000066,CNC-MAZAK-01,2024-02-17T10:00:00+08:00,12800,1000,Z,2500,CNC01_SPINDLE_VIB_Z
WAVEFORM-000067,CNC-MAZAK-02,2024-02-17T10:00:00+08:00,12800,1000,X,3000,CNC02_SPINDLE_VIB_X
WAVEFORM-000068,CNC-MAZAK-02,2024-02-17T10:00:00+08:00,12800,1000,Y,2000,CNC02_SPINDLE_VIB_Y
WAVEFORM-000069,CNC-MAZAK-02,2024-02-17T10:00:00+08:00,12800,1000,Z,3000,CNC02_SPINDLE_VIB_Z
WAVEFORM-000070,MILL-HAAS-01,2024-02-17T10:00:00+08:00,12800,1000,X,1500,MILL01_SPINDLE_VIB
WAVEFORM-000071,MILL-HAAS-01,2024-02-17T10:00:00+08:00,12800,1000,Y,3000,MILL01_SPINDLE_VIB
WAVEFORM-000072,MILL-HAAS-01,2024-02-17T10:00:00+08:00,12800,1000,Z,2000,MILL01_SPINDLE_VIB
WAVEFORM-000073,CNC-MAZAK-01,2024-02-23T10:00:00+08:00,12800,1000,X,2500,CNC01_SPINDLE_VIB_X
WAVEFORM-000074,CNC-MAZAK-01,2024-02-23T10:00:00+08:00,12800,1000,Y,2500,CNC01_SPINDLE_VIB_Y
WAVEFORM-000075,CNC-MAZAK-01,2024-02-23T10:00:00+08:00,12800,1000,Z,1500,CNC01_SPINDLE_VIB_Z
WAVEFORM-000076,CNC-MAZAK-02,2024-02-23T10:00:00+08:00,12800,1000,X,3000,CNC02_SPINDLE_VIB_X
WAVEFORM-000077,CNC-MAZAK-02,2024-02-23T10:00:00+08:00,12800,1000,Y,2500,CNC02_SPINDLE_VIB_Y
WAVEFORM-000078,CNC-MAZAK-02,2024-02-23T10:00:00+08:00,12800,1000,Z,3000,CNC02_SPINDLE_VIB_Z
WAVEFORM-000079,MILL-HAAS-01,2024-02-23T10:00:00+08:00,12800,1000,X,2500,MILL01_SPINDLE_VIB
WAVEFORM-000080,MILL-HAAS-01,2024-02-23T10:00:00+08:00,12800,1000,Y,3000,MILL01_SPINDLE_VIB
WAVEFORM-000081,MILL-HAAS-01,2024-02-23T10:00:00+08:00,12800,1000,Z,2500,MILL01_SPINDLE_VIB
WAVEFORM-000082,CNC-MAZAK-01,2024-03-01T10:00:00+08:00,12800,1000,X,1500,CNC01_SPINDLE_VIB_X
WAVEFORM-000083,CNC-MAZAK-01,2024-03-01T10:00:00+08:00,12800,1000,Y,1500,CNC01_SPINDLE_VIB_Y
WAVEFORM-000084,CNC-MAZAK-01,2024-03-01T10:00:00+08:00,12800,1000,Z,3000,CNC01_SPINDLE_VIB_Z
WAVEFORM-000085,CNC-MAZAK-02,2024-03-01T10:00:00+08:00,12800,1000,X,2500,CNC02_SPINDLE_VIB_X
WAVEFORM-000086,CNC-MAZAK-02,2024-03-01T10:00:00+08:00,12800,1000,Y,3000,CNC02_SPINDLE_VIB_Y
WAVEFORM-000087,CNC-MAZAK-02,2024-03-01T10:00:00+08:00,12800,1000,Z,2000,CNC02_SPINDLE_VIB_Z
WAVEFORM-000088,MILL-HAAS-01,2024-03-01T10:00:00+08:00,12800,1000,X,3000,MILL01_SPINDLE_VIB
WAVEFORM-000089,MILL-HAAS-01,2024-03-01T10:00:00+08:00,12800,1000,Y,3000,MILL01_SPINDLE_VIB
WAVEFORM-000090,MILL-HAAS-01,2024-03-01T10:00:00+08:00,12800,1000,Z,1500,MILL01_SPINDLE_VIB
WAVEFORM-000091,CNC-MAZAK-01,2024-03-09T10:00:00+08:00,12800,1000,X,2000,CNC01_SPINDLE_VIB_X
WAVEFORM-000092,CNC-MAZAK-01,2024-03-09T10:00:00+08:00,12800,1000,Y,2000,CNC01_SPINDLE_VIB_Y
WAVEFORM-000093,CNC-MAZAK-01,2024-03-09T10:00:00+08:00,12800,1000,Z,2000,CNC01_SPINDLE_VIB_Z
WAVEFORM-000094,CNC-MAZAK-02,2024-03-09T10:00:00+08:00,12800,1000,X,2000,CNC02_SPINDLE_VIB_X
WAVEFORM-000095,CNC-MAZAK-02,2024-03-09T10:00:00+08:00,12800,1000,Y,2500,CNC02_SPINDLE_VIB_Y
WAVEFORM-000096,CNC-MAZAK-02,2024-03-09T10:00:00+08:00,12800,1000,Z,2500,CNC02_SPINDLE_VIB_Z
WAVEFORM-000097,MILL-HAAS-01,2024-03-09T10:00:00+08:00,12800,1000,X,3000,MILL01_SPINDLE_VIB
WAVEFORM-000098,MILL-HAAS-01,2024-03-09T10:00:00+08:00,12800,1000,Y,3000,MILL01_SPINDLE_VIB
WAVEFORM-000099,MILL-HAAS-01,2024-03-09T10:00:00+08:00,12800,1000,Z,3000,MILL01_SPINDLE_VIB
WAVEFORM-000100,CNC-MAZAK-01,2024-03-12T10:00:00+08:00,12800,1000,X,1500,CNC01_SPINDLE_VIB_X
WAVEFORM-000101,CNC-MAZAK-01,2024-03-12T10:00:00+08:00,12800,1000,Y,2000,CNC01_SPINDLE_VIB_Y
WAVEFORM-000102,CNC-MAZAK-01,2024-03-12T10:00:00+08:00,12800,1000,Z,3000,CNC01_SPINDLE_VIB_Z
WAVEFORM-000103,CNC-MAZAK-02,2024-03-12T10:00:00+08:00,12800,1000,X,2500,CNC02_SPINDLE_VIB_X
WAVEFORM-000104,CNC-MAZAK-02,2024-03-12T10:00:00+08:00,12800,1000,Y,2500,CNC02_SPINDLE_VIB_Y
WAVEFORM-000105,CNC-MAZAK-02,2024-03-12T10:00:00+08:00,12800,1000,Z,3000,CNC02_SPINDLE_VIB_Z
WAVEFORM-000106,MILL-HAAS-01,2024-03-12T10:00:00+08:00,12800,1000,X,1500,MILL01_SPINDLE_VIB
WAVEFORM-000107,MILL-HAAS-01,2024-03-12T10:00:00+08:00,12800,1000,Y,3000,MILL01_SPINDLE_VIB
WAVEFORM-000108,MILL-HAAS-01,2024-03-12T10:00:00+08:00,12800,1000,Z,1500,MILL01_SPINDLE_VIB
WAVEFORM-000109,CNC-MAZAK-01,2024-03-20T10:00:00+08:00,12800,1000,X,1500,CNC01_SPINDLE_VIB_X
WAVEFORM-000110,CNC-MAZAK-01,2024-03-20T10:00:00+08:00,12800,1000,Y,2000,CNC01_SPINDLE_VIB_Y
WAVEFORM-000111,CNC-MAZAK-01,2024-03-20T10:00:00+08:00,12800,1000,Z,2000,CNC01_SPINDLE_VIB_Z
WAVEFORM-000112,CNC-MAZAK-02,2024-03-20T10:00:00+08:00,12800,1000,X,3000,CNC02_SPINDLE_VIB_X
WAVEFORM-000113,CNC-MAZAK-02,2024-03-20T10:00:00+08:00,12800,1000,Y,3000,CNC02_SPINDLE_VIB_Y
WAVEFORM-000114,CNC-MAZAK-02,2024-03-20T10:00:00+08:00,12800,1000,Z,2000,CNC02_SPINDLE_VIB_Z
WAVEFORM-000115,MILL-HAAS-01,2024-03-20T10:00:00+08:00,12800,1000,X,2500,MILL01_SPINDLE_VIB
WAVEFORM-000116,MILL-HAAS-01,2024-03-20T10:00:00+08:00,12800,1000,Y,1500,MILL01_SPINDLE_VIB
WAVEFORM-000117,MILL-HAAS-01,2024-03-20T10:00:00+08:00,12800,1000,Z,1500,MILL01_SPINDLE_VIB
WAVEFORM-000118,CNC-MAZAK-01,2024-03-29T10:00:00+08:00,12800,1000,X,2000,CNC01_SPINDLE_VIB_X
WAVEFORM-000119,CNC-MAZAK-01,2024-03-29T10:00:00+08:00,12800,1000,Y,2500,CNC01_SPINDLE_VIB_Y
WAVEFORM-000120,CNC-MAZAK-01,2024-03-29T10:00:00+08:00,12800,1000,Z,2500,CNC01_SPINDLE_VIB_Z
WAVEFORM-000121,CNC-MAZAK-02,2024-03-29T10:00:00+08:00,12800,1000,X,2500,CNC02_SPINDLE_VIB_X
WAVEFORM-000122,CNC-MAZAK-02,2024-03-29T10:00:00+08:00,12800,1000,Y,3000,CNC02_SPINDLE_VIB_Y
WAVEFORM-000123,CNC-MAZAK-02,2024-03-29T10:00:00+08:00,12800,1000,Z,2000,CNC02_SPINDLE_VIB_Z
WAVEFORM-000124,MILL-HAAS-01,2024-03-29T10:00:00+08:00,12800,1000,X,1500,MILL01_SPINDLE_VIB
WAVEFORM-000125,MILL-HAAS-01,2024-03-29T10:00:00+08:00,12800,1000,Y,1500,MILL01_SPINDLE_VIB
WAVEFORM-000126,MILL-HAAS-01,2024-03-29T10:00:00+08:00,12800,1000,Z,1500,MILL01_SPINDLE_VIB
WAVEFORM-000127,CNC-MAZAK-01,2024-03-31T10:00:00+08:00,12800,1000,X,2500,CNC01_SPINDLE_VIB_X
WAVEFORM-000128,CNC-MAZAK-01,2024-03-31T10:00:00+08:00,12800,1000,Y,1500,CNC01_SPINDLE_VIB_Y
WAVEFORM-000129,CNC-MAZAK-01,2024-03-31T10:00:00+08:00,12800,1000,Z,1500,CNC01_SPINDLE_VIB_Z
WAVEFORM-000130,CNC-MAZAK-02,2024-03-31T10:00:00+08:00,12800,1000,X,2500,CNC02_SPINDLE_VIB_X
WAVEFORM-000131,CNC-MAZAK-02,2024-03-31T10:00:00+08:00,12800,1000,Y,2500,CNC02_SPINDLE_VIB_Y
WAVEFORM-000132,CNC-MAZAK-02,2024-03-31T10:00:00+08:00,12800,1000,Z,2000,CNC02_SPINDLE_VIB_Z
WAVEFORM-000133,MILL-HAAS-01,2024-03-31T10:00:00+08:00,12800,1000,X,3000,MILL01_SPINDLE_VIB
WAVEFORM-000134,MILL-HAAS-01,2024-03-31T10:00:00+08:00,12800,1000,Y,2500,MILL01_SPINDLE_VIB
WAVEFORM-000135,MILL-HAAS-01,2024-03-31T10:00:00+08:00,12800,1000,Z,2000,MILL01_SPINDLE_VIB
WAVEFORM-000136,CNC-MAZAK-01,2024-04-06T10:00:00+08:00,12800,1000,X,2500,CNC01_SPINDLE_VIB_X
WAVEFORM-000137,CNC-MAZAK-01,2024-04-06T10:00:00+08:00,12800,1000,Y,1500,CNC01_SPINDLE_VIB_Y
WAVEFORM-000138,CNC-MAZAK-01,2024-04-06T10:00:00+08:00,12800,1000,Z,2000,CNC01_SPINDLE_VIB_Z
WAVEFORM-000139,CNC-MAZAK-02,2024-04-06T10:00:00+08:00,12800,1000,X,2500,CNC02_SPINDLE_VIB_X
WAVEFORM-000140,CNC-MAZAK-02,2024-04-06T10:00:00+08:00,12800,1000,Y,1500,CNC02_SPINDLE_VIB_Y
WAVEFORM-000141,CNC-MAZAK-02,2024-04-06T10:00:00+08:00,12800,1000,Z,1500,CNC02_SPINDLE_VIB_Z
WAVEFORM-000142,MILL-HAAS-01,2024-04-06T10:00:00+08:00,12800,1000,X,1500,MILL01_SPINDLE_VIB
WAVEFORM-000143,MILL-HAAS-01,2024-04-06T10:00:00+08:00,12800,1000,Y,1500,MILL01_SPINDLE_VIB
WAVEFORM-000144,MILL-HAAS-01,2024-04-06T10:00:00+08:00,12800,1000,Z,3000,MILL01_SPINDLE_VIB
WAVEFORM-000145,CNC-MAZAK-01,2024-04-15T10:00:00+08:00,12800,1000,X,2500,CNC01_SPINDLE_VIB_X
WAVEFORM-000146,CNC-MAZAK-01,2024-04-15T10:00:00+08:00,12800,1000,Y,2500,CNC01_SPINDLE_VIB_Y
WAVEFORM-000147,CNC-MAZAK-01,2024-04-15T10:00:00+08:00,12800,1000,Z,3000,CNC01_SPINDLE_VIB_Z
WAVEFORM-000148,CNC-MAZAK-02,2024-04-15T10:00:00+08:00,12800,1000,X,2500,CNC02_SPINDLE_VIB_X
WAVEFORM-000149,CNC-MAZAK-02,2024-04-15T10:00:00+08:00,12800,1000,Y,3000,CNC02_SPINDLE_VIB_Y
WAVEFORM-000150,CNC-MAZAK-02,2024-04-15T10:00:00+08:00,12800,1000,Z,2500,CNC02_SPINDLE_VIB_Z
WAVEFORM-000151,MILL-HAAS-01,2024-04-15T10:00:00+08:00,12800,1000,X,2000,MILL01_SPINDLE_VIB
WAVEFORM-000152,MILL-HAAS-01,2024-04-15T10:00:00+08:00,12800,1000,Y,2000,MILL01_SPINDLE_VIB
WAVEFORM-000153,MILL-HAAS-01,2024-04-15T10:00:00+08:00,12800,1000,Z,1500,MILL01_SPINDLE_VIB
WAVEFORM-000154,CNC-MAZAK-01,2024-04-20T10:00:00+08:00,12800,1000,X,2000,CNC01_SPINDLE_VIB_X
WAVEFORM-000155,CNC-MAZAK-01,2024-04-20T10:00:00+08:00,12800,1000,Y,2000,CNC01_SPINDLE_VIB_Y
WAVEFORM-000156,CNC-MAZAK-01,2024-04-20T10:00:00+08:00,12800,1000,Z,1500,CNC01_SPINDLE_VIB_Z
WAVEFORM-000157,CNC-MAZAK-02,2024-04-20T10:00:00+08:00,12800,1000,X,2500,CNC02_SPINDLE_VIB_X
WAVEFORM-000158,CNC-MAZAK-02,2024-04-20T10:00:00+08:00,12800,1000,Y,2500,CNC02_SPINDLE_VIB_Y
WAVEFORM-000159,CNC-MAZAK-02,2024-04-20T10:00:00+08:00,12800,1000,Z,3000,CNC02_SPINDLE_VIB_Z
WAVEFORM-000160,MILL-HAAS-01,2024-04-20T10:00:00+08:00,12800,1000,X,2500,MILL01_SPINDLE_VIB
WAVEFORM-000161,MILL-HAAS-01,2024-04-20T10:00:00+08:00,12800,1000,Y,2000,MILL01_SPINDLE_VIB
WAVEFORM-000162,MILL-HAAS-01,2024-04-20T10:00:00+08:00,12800,1000,Z,3000,MILL01_SPINDLE_VIB
WAVEFORM-000163,CNC-MAZAK-01,2024-04-24T10:00:00+08:00,12800,1000,X,3000,CNC01_SPINDLE_VIB_X
WAVEFORM-000164,CNC-MAZAK-01,2024-04-24T10:00:00+08:00,12800,1000,Y,3000,CNC01_SPINDLE_VIB_Y
WAVEFORM-000165,CNC-MAZAK-01,2024-04-24T10:00:00+08:00,12800,1000,Z,2000,CNC01_SPINDLE_VIB_Z
WAVEFORM-000166,CNC-MAZAK-02,2024-04-24T10:00:00+08:00,12800,1000,X,1500,CNC02_SPINDLE_VIB_X
WAVEFORM-000167,CNC-MAZAK-02,2024-04-24T10:00:00+08:00,12800,1000,Y,1500,CNC02_SPINDLE_VIB_Y
WAVEFORM-000168,CNC-MAZAK-02,2024-04-24T10:00:00+08:00,12800,1000,Z,1500,CNC02_SPINDLE_VIB_Z
WAVEFORM-000169,MILL-HAAS-01,2024-04-24T10:00:00+08:00,12800,1000,X,2000,MILL01_SPINDLE_VIB
WAVEFORM-000170,MILL-HAAS-01,2024-04-24T10:00:00+08:00,12800,1000,Y,3000,MILL01_SPINDLE_VIB
WAVEFORM-000171,MILL-HAAS-01,2024-04-24T10:00:00+08:00,12800,1000,Z,1500,MILL01_SPINDLE_VIB
WAVEFORM-000172,CNC-MAZAK-01,2024-04-30T10:00:00+08:00,12800,1000,X,2500,CNC01_SPINDLE_VIB_X
WAVEFORM-000173,CNC-MAZAK-01,2024-04-30T10:00:00+08:00,12800,1000,Y,3000,CNC01_SPINDLE_VIB_Y
WAVEFORM-000174,CNC-MAZAK-01,2024-04-30T10:00:00+08:00,12800,1000,Z,1500,CNC01_SPINDLE_VIB_Z
WAVEFORM-000175,CNC-MAZAK-02,2024-04-30T10:00:00+08:00,12800,1000,X,3000,CNC02_SPINDLE_VIB_X
WAVEFORM-000176,CNC-MAZAK-02,2024-04-30T10:00:00+08:00,12800,1000,Y,2000,CNC02_SPINDLE_VIB_Y
WAVEFORM-000177,CNC-MAZAK-02,2024-04-30T10:00:00+08:00,12800,1000,Z,2500,CNC02_SPINDLE_VIB_Z
WAVEFORM-000178,MILL-HAAS-01,2024-04-30T10:00:00+08:00,12800,1000,X,2000,MILL01_SPINDLE_VIB
WAVEFORM-000179,MILL-HAAS-01,2024-04-30T10:00:00+08:00,12800,1000,Y,2500,MILL01_SPINDLE_VIB
WAVEFORM-000180,MILL-HAAS-01,2024-04-30T10:00:00+08:00,12800,1000,Z,1500,MILL01_SPINDLE_VIB
WAVEFORM-000181,CNC-MAZAK-01,2024-05-29T10:00:00+08:00,12800,1000,X,2000,CNC01_SPINDLE_VIB_X
WAVEFORM-000182,CNC-MAZAK-01,2024-05-29T10:00:00+08:00,12800,1000,Y,2000,CNC01_SPINDLE_VIB_Y
WAVEFORM-000183,CNC-MAZAK-01,2024-05-29T10:00:00+08:00,12800,1000,Z,3000,CNC01_SPINDLE_VIB_Z
WAVEFORM-000184,CNC-MAZAK-02,2024-05-29T10:00:00+08:00,12800,1000,X,2000,CNC02_SPINDLE_VIB_X
WAVEFORM-000185,CNC-MAZAK-02,2024-05-29T10:00:00+08:00,12800,1000,Y,1500,CNC02_SPINDLE_VIB_Y
WAVEFORM-000186,CNC-MAZAK-02,2024-05-29T10:00:00+08:00,12800,1000,Z,3000,CNC02_SPINDLE_VIB_Z
WAVEFORM-000187,MILL-HAAS-01,2024-05-29T10:00:00+08:00,12800,1000,X,1500,MILL01_SPINDLE_VIB
WAVEFORM-000188,MILL-HAAS-01,2024-05-29T10:00:00+08:00,12800,1000,Y,1500,MILL01_SPINDLE_VIB
WAVEFORM-000189,MILL-HAAS-01,2024-05-29T10:00:00+08:00,12800,1000,Z,2500,MILL01_SPINDLE_VIB
WAVEFORM-000190,CNC-MAZAK-01,2024-05-31T10:00:00+08:00,12800,1000,X,1500,CNC01_SPINDLE_VIB_X
WAVEFORM-000191,CNC-MAZAK-01,2024-05-31T10:00:00+08:00,12800,1000,Y,2000,CNC01_SPINDLE_VIB_Y
WAVEFORM-000192,CNC-MAZAK-01,2024-05-31T10:00:00+08:00,12800,1000,Z,2500,CNC01_SPINDLE_VIB_Z
WAVEFORM-000193,CNC-MAZAK-02,2024-05-31T10:00:00+08:00,12800,1000,X,2500,CNC02_SPINDLE_VIB_X
WAVEFORM-000194,CNC-MAZAK-02,2024-05-31T10:00:00+08:00,12800,1000,Y,1500,CNC02_SPINDLE_VIB_Y
WAVEFORM-000195,CNC-MAZAK-02,2024-05-31T10:00:00+08:00,12800,1000,Z,2500,CNC02_SPINDLE_VIB_Z
WAVEFORM-000196,MILL-HAAS-01,2024-05-31T10:00:00+08:00,12800,1000,X,2000,MILL01_SPINDLE_VIB
WAVEFORM-000197,MILL-HAAS-01,2024-05-31T10:00:00+08:00,12800,1000,Y,1500,MILL01_SPINDLE_VIB
WAVEFORM-000198,MILL-HAAS-01,2024-05-31T10:00:00+08:00,12800,1000,Z,1500,MILL01_SPINDLE_VIB
WAVEFORM-000199,CNC-MAZAK-01,2024-06-08T10:00:00+08:00,12800,1000,X,1500,CNC01_SPINDLE_VIB_X
WAVEFORM-000200,CNC-MAZAK-01,2024-06-08T10:00:00+08:00,12800,1000,Y,1500,CNC01_SPINDLE_VIB_Y
WAVEFORM-000201,CNC-MAZAK-01,2024-06-08T10:00:00+08:00,12800,1000,Z,1500,CNC01_SPINDLE_VIB_Z
WAVEFORM-000202,CNC-MAZAK-02,2024-06-08T10:00:00+08:00,12800,1000,X,2500,CNC02_SPINDLE_VIB_X
WAVEFORM-000203,CNC-MAZAK-02,2024-06-08T10:00:00+08:00,12800,1000,Y,1500,CNC02_SPINDLE_VIB_Y
WAVEFORM-000204,CNC-MAZAK-02,2024-06-08T10:00:00+08:00,12800,1000,Z,1500,CNC02_SPINDLE_VIB_Z
WAVEFORM-000205,MILL-HAAS-01,2024-06-08T10:00:00+08:00,12800,1000,X,2500,MILL01_SPINDLE_VIB
WAVEFORM-000206,MILL-HAAS-01,2024-06-08T10:00:00+08:00,12800,1000,Y,3000,MILL01_SPINDLE_VIB
WAVEFORM-000207,MILL-HAAS-01,2024-06-08T10:00:00+08:00,12800,1000,Z,2000,MILL01_SPINDLE_VIB
WAVEFORM-000208,CNC-MAZAK-01,2024-06-10T10:00:00+08:00,12800,1000,X,3000,CNC01_SPINDLE_VIB_X
WAVEFORM-000209,CNC-MAZAK-01,2024-06-10T10:00:00+08:00,12800,1000,Y,2000,CNC01_SPINDLE_VIB_Y
WAVEFORM-000210,CNC-MAZAK-01,2024-06-10T10:00:00+08:00,12800,1000,Z,1500,CNC01_SPINDLE_VIB_Z
WAVEFORM-000211,CNC-MAZAK-02,2024-06-10T10:00:00+08:00,12800,1000,X,2500,CNC02_SPINDLE_VIB_X
WAVEFORM-000212,CNC-MAZAK-02,2024-06-10T10:00:00+08:00,12800,1000,Y,2000,CNC02_SPINDLE_VIB_Y
WAVEFORM-000213,CNC-MAZAK-02,2024-06-10T10:00:00+08:00,12800,1000,Z,2000,CNC02_SPINDLE_VIB_Z
WAVEFORM-000214,MILL-HAAS-01,2024-06-10T10:00:00+08:00,12800,1000,X,2500,MILL01_SPINDLE_VIB
WAVEFORM-000215,MILL-HAAS-01,2024-06-10T10:00:00+08:00,12800,1000,Y,2000,MILL01_SPINDLE_VIB
WAVEFORM-000216,MILL-HAAS-01,2024-06-10T10:00:00+08:00,12800,1000,Z,2500,MILL01_SPINDLE_VIB
WAVEFORM-000217,CNC-MAZAK-01,2024-06-11T10:00:00+08:00,12800,1000,X,1500,CNC01_SPINDLE_VIB_X
WAVEFORM-000218,CNC-MAZAK-01,2024-06-11T10:00:00+08:00,12800,1000,Y,1500,CNC01_SPINDLE_VIB_Y
WAVEFORM-000219,CNC-MAZAK-01,2024-06-11T10:00:00+08:00,12800,1000,Z,2000,CNC01_SPINDLE_VIB_Z
WAVEFORM-000220,CNC-MAZAK-02,2024-06-11T10:00:00+08:00,12800,1000,X,2500,CNC02_SPINDLE_VIB_X
WAVEFORM-000221,CNC-MAZAK-02,2024-06-11T10:00:00+08:00,12800,1000,Y,2000,CNC02_SPINDLE_VIB_Y
WAVEFORM-000222,CNC-MAZAK-02,2024-06-11T10:00:00+08:00,12800,1000,Z,3000,CNC02_SPINDLE_VIB_Z
WAVEFORM-000223,MILL-HAAS-01,2024-06-11T10:00:00+08:00,12800,1000,X,2500,MILL01_SPINDLE_VIB
WAVEFORM-000224,MILL-HAAS-01,2024-06-11T10:00:00+08:00,12800,1000,Y,2500,MILL01_SPINDLE_VIB
WAVEFORM-000225,MILL-HAAS-01,2024-06-11T10:00:00+08:00,12800,1000,Z,3000,MILL01_SPINDLE_VIB
WAVEFORM-000226,CNC-MAZAK-01,2024-06-12T10:00:00+08:00,12800,1000,X,3000,CNC01_SPINDLE_VIB_X
WAVEFORM-000227,CNC-MAZAK-01,2024-06-12T10:00:00+08:00,12800,1000,Y,3000,CNC01_SPINDLE_VIB_Y
WAVEFORM-000228,CNC-MAZAK-01,2024-06-12T10:00:00+08:00,12800,1000,Z,2000,CNC01_SPINDLE_VIB_Z
WAVEFORM-000229,CNC-MAZAK-02,2024-06-12T10:00:00+08:00,12800,1000,X,3000,CNC02_SPINDLE_VIB_X
WAVEFORM-000230,CNC-MAZAK-02,2024-06-12T10:00:00+08:00,12800,1000,Y,1500,CNC02_SPINDLE_VIB_Y
WAVEFORM-000231,CNC-MAZAK-02,2024-06-12T10:00:00+08:00,12800,1000,Z,2000,CNC02_SPINDLE_VIB_Z
WAVEFORM-000232,MILL-HAAS-01,2024-06-12T10:00:00+08:00,12800,1000,X,2500,MILL01_SPINDLE_VIB
WAVEFORM-000233,MILL-HAAS-01,2024-06-12T10:00:00+08:00,12800,1000,Y,3000,MILL01_SPINDLE_VIB
WAVEFORM-000234,MILL-HAAS-01,2024-06-12T10:00:00+08:00,12800,1000,Z,2000,MILL01_SPINDLE_VIB
WAVEFORM-000235,CNC-MAZAK-01,2024-06-15T10:00:00+08:00,12800,1000,X,2000,CNC01_SPINDLE_VIB_X
WAVEFORM-000236,CNC-MAZAK-01,2024-06-15T10:00:00+08:00,12800,1000,Y,3000,CNC01_SPINDLE_VIB_Y
WAVEFORM-000237,CNC-MAZAK-01,2024-06-15T10:00:00+08:00,12800,1000,Z,2500,CNC01_SPINDLE_VIB_Z
WAVEFORM-000238,CNC-MAZAK-02,2024-06-15T10:00:00+08:00,12800,1000,X,3000,CNC02_SPINDLE_VIB_X
WAVEFORM-000239,CNC-MAZAK-02,2024-06-15T10:00:00+08:00,12800,1000,Y,3000,CNC02_SPINDLE_VIB_Y
WAVEFORM-000240,CNC-MAZAK-02,2024-06-15T10:00:00+08:00,12800,1000,Z,2000,CNC02_SPINDLE_VIB_Z
WAVEFORM-000241,MILL-HAAS-01,2024-06-15T10:00:00+08:00,12800,1000,X,1500,MILL01_SPINDLE_VIB
WAVEFORM-000242,MILL-HAAS-01,2024-06-15T10:00:00+08:00,12800,1000,Y,3000,MILL01_SPINDLE_VIB
WAVEFORM-000243,MILL-HAAS-01,2024-06-15T10:00:00+08:00,12800,1000,Z,1500,MILL01_SPINDLE_VIB
WAVEFORM-000244,CNC-MAZAK-01,2024-06-16T10:00:00+08:00,12800,1000,X,2500,CNC01_SPINDLE_VIB_X
WAVEFORM-000245,CNC-MAZAK-01,2024-06-16T10:00:00+08:00,12800,1000,Y,2000,CNC01_SPINDLE_VIB_Y
WAVEFORM-000246,CNC-MAZAK-01,2024-06-16T10:00:00+08:00,12800,1000,Z,2000,CNC01_SPINDLE_VIB_Z
WAVEFORM-000247,CNC-MAZAK-02,2024-06-16T10:00:00+08:00,12800,1000,X,2500,CNC02_SPINDLE_VIB_X
WAVEFORM-000248,CNC-MAZAK-02,2024-06-16T10:00:00+08:00,12800,1000,Y,2000,CNC02_SPINDLE_VIB_Y
WAVEFORM-000249,CNC-MAZAK-02,2024-06-16T10:00:00+08:00,12800,1000,Z,2000,CNC02_SPINDLE_VIB_Z
WAVEFORM-000250,MILL-HAAS-01,2024-06-16T10:00:00+08:00,12800,1000,X,2000,MILL01_SPINDLE_VIB
WAVEFORM-000251,MILL-HAAS-01,2024-06-16T10:00:00+08:00,12800,1000,Y,3000,MILL01_SPINDLE_VIB
WAVEFORM-000252,MILL-HAAS-01,2024-06-16T10:00:00+08:00,12800,1000,Z,1500,MILL01_SPINDLE_VIB
WAVEFORM-000253,CNC-MAZAK-01,2024-06-17T10:00:00+08:00,12800,1000,X,2000,CNC01_SPINDLE_VIB_X
WAVEFORM-000254,CNC-MAZAK-01,2024-06-17T10:00:00+08:00,12800,1000,Y,3000,CNC01_SPINDLE_VIB_Y
WAVEFORM-000255,CNC-MAZAK-01,2024-06-17T10:00:00+08:00,12800,1000,Z,3000,CNC01_SPINDLE_VIB_Z
WAVEFORM-000256,CNC-MAZAK-02,2024-06-17T10:00:00+08:00,12800,1000,X,2000,CNC02_SPINDLE_VIB_X
WAVEFORM-000257,CNC-MAZAK-02,2024-06-17T10:00:00+08:00,12800,1000,Y,1500,CNC02_SPINDLE_VIB_Y
WAVEFORM-000258,CNC-MAZAK-02,2024-06-17T10:00:00+08:00,12800,1000,Z,2500,CNC02_SPINDLE_VIB_Z
WAVEFORM-000259,MILL-HAAS-01,2024-06-17T10:00:00+08:00,12800,1000,X,1500,MILL01_SPINDLE_VIB
WAVEFORM-000260,MILL-HAAS-01,2024-06-17T10:00:00+08:00,12800,1000,Y,2500,MILL01_SPINDLE_VIB
WAVEFORM-000261,MILL-HAAS-01,2024-06-17T10:00:00+08:00,12800,1000,Z,1500,MILL01_SPINDLE_VIB
WAVEFORM-000262,CNC-MAZAK-01,2024-06-25T10:00:00+08:00,12800,1000,X,3000,CNC01_SPINDLE_VIB_X
WAVEFORM-000263,CNC-MAZAK-01,2024-06-25T10:00:00+08:00,12800,1000,Y,1500,CNC01_SPINDLE_VIB_Y
WAVEFORM-000264,CNC-MAZAK-01,2024-06-25T10:00:00+08:00,12800,1000,Z,2000,CNC01_SPINDLE_VIB_Z
WAVEFORM-000265,CNC-MAZAK-02,2024-06-25T10:00:00+08:00,12800,1000,X,3000,CNC02_SPINDLE_VIB_X
WAVEFORM-000266,CNC-MAZAK-02,2024-06-25T10:00:00+08:00,12800,1000,Y,2000,CNC02_SPINDLE_VIB_Y
WAVEFORM-000267,CNC-MAZAK-02,2024-06-25T10:00:00+08:00,12800,1000,Z,2500,CNC02_SPINDLE_VIB_Z
WAVEFORM-000268,MILL-HAAS-01,2024-06-25T10:00:00+08:00,12800,1000,X,3000,MILL01_SPINDLE_VIB
WAVEFORM-000269,MILL-HAAS-01,2024-06-25T10:00:00+08:00,12800,1000,Y,3000,MILL01_SPINDLE_VIB
WAVEFORM-000270,MILL-HAAS-01,2024-06-25T10:00:00+08:00,12800,1000,Z,2500,MILL01_SPINDLE_VIB
WAVEFORM-000271,CNC-MAZAK-01,2024-06-26T10:00:00+08:00,12800,1000,X,1500,CNC01_SPINDLE_VIB_X
WAVEFORM-000272,CNC-MAZAK-01,2024-06-26T10:00:00+08:00,12800,1000,Y,2500,CNC01_SPINDLE_VIB_Y
WAVEFORM-000273,CNC-MAZAK-01,2024-06-26T10:00:00+08:00,12800,1000,Z,3000,CNC01_SPINDLE_VIB_Z
WAVEFORM-000274,CNC-MAZAK-02,2024-06-26T10:00:00+08:00,12800,1000,X,2500,CNC02_SPINDLE_VIB_X
WAVEFORM-000275,CNC-MAZAK-02,2024-06-26T10:00:00+08:00,12800,1000,Y,2500,CNC02_SPINDLE_VIB_Y
WAVEFORM-000276,CNC-MAZAK-02,2024-06-26T10:00:00+08:00,12800,1000,Z,2500,CNC02_SPINDLE_VIB_Z
WAVEFORM-000277,MILL-HAAS-01,2024-06-26T10:00:00+08:00,12800,1000,X,3000,MILL01_SPINDLE_VIB
WAVEFORM-000278,MILL-HAAS-01,2024-06-26T10:00:00+08:00,12800,1000,Y,2500,MILL01_SPINDLE_VIB
WAVEFORM-000279,MILL-HAAS-01,2024-06-26T10:00:00+08:00,12800,1000,Z,2000,MILL01_SPINDLE_VIB
WAVEFORM-000280,CNC-MAZAK-01,2024-07-07T10:00:00+08:00,12800,1000,X,1500,CNC01_SPINDLE_VIB_X
WAVEFORM-000281,CNC-MAZAK-01,2024-07-07T10:00:00+08:00,12800,1000,Y,2000,CNC01_SPINDLE_VIB_Y
WAVEFORM-000282,CNC-MAZAK-01,2024-07-07T10:00:00+08:00,12800,1000,Z,1500,CNC01_SPINDLE_VIB_Z
WAVEFORM-000283,CNC-MAZAK-02,2024-07-07T10:00:00+08:00,12800,1000,X,1500,CNC02_SPINDLE_VIB_X
WAVEFORM-000284,CNC-MAZAK-02,2024-07-07T10:00:00+08:00,12800,1000,Y,2500,CNC02_SPINDLE_VIB_Y
WAVEFORM-000285,CNC-MAZAK-02,2024-07-07T10:00:00+08:00,12800,1000,Z,2000,CNC02_SPINDLE_VIB_Z
WAVEFORM-000286,MILL-HAAS-01,2024-07-07T10:00:00+08:00,12800,1000,X,2500,MILL01_SPINDLE_VIB
WAVEFORM-000287,MILL-HAAS-01,2024-07-07T10:00:00+08:00,12800,1000,Y,2000,MILL01_SPINDLE_VIB
WAVEFORM-000288,MILL-HAAS-01,2024-07-07T10:00:00+08:00,12800,1000,Z,2000,MILL01_SPINDLE_VIB
WAVEFORM-000289,CNC-MAZAK-01,2024-07-09T10:00:00+08:00,12800,1000,X,1500,CNC01_SPINDLE_VIB_X
WAVEFORM-000290,CNC-MAZAK-01,2024-07-09T10:00:00+08:00,12800,1000,Y,3000,CNC01_SPINDLE_VIB_Y
WAVEFORM-000291,CNC-MAZAK-01,2024-07-09T10:00:00+08:00,12800,1000,Z,1500,CNC01_SPINDLE_VIB_Z
WAVEFORM-000292,CNC-MAZAK-02,2024-07-09T10:00:00+08:00,12800,1000,X,2500,CNC02_SPINDLE_VIB_X
WAVEFORM-000293,CNC-MAZAK-02,2024-07-09T10:00:00+08:00,12800,1000,Y,2000,CNC02_SPINDLE_VIB_Y
WAVEFORM-000294,CNC-MAZAK-02,2024-07-09T10:00:00+08:00,12800,1000,Z,2000,CNC02_SPINDLE_VIB_Z
WAVEFORM-000295,MILL-HAAS-01,2024-07-09T10:00:00+08:00,12800,1000,X,2500,MILL01_SPINDLE_VIB
WAVEFORM-000296,MILL-HAAS-01,2024-07-09T10:00:00+08:00,12800,1000,Y,2000,MILL01_SPINDLE_VIB
WAVEFORM-000297,MILL-HAAS-01,2024-07-09T10:00:00+08:00,12800,1000,Z,2500,MILL01_SPINDLE_VIB
WAVEFORM-000298,CNC-MAZAK-01,2024-07-12T10:00:00+08:00,12800,1000,X,2500,CNC01_SPINDLE_VIB_X
WAVEFORM-000299,CNC-MAZAK-01,2024-07-12T10:00:00+08:00,12800,1000,Y,1500,CNC01_SPINDLE_VIB_Y
WAVEFORM-000300,CNC-MAZAK-01,2024-07-12T10:00:00+08:00,12800,1000,Z,1500,CNC01_SPINDLE_VIB_Z
WAVEFORM-000301,CNC-MAZAK-02,2024-07-12T10:00:00+08:00,12800,1000,X,1500,CNC02_SPINDLE_VIB_X
WAVEFORM-000302,CNC-MAZAK-02,2024-07-12T10:00:00+08:00,12800,1000,Y,2000,CNC02_SPINDLE_VIB_Y
WAVEFORM-000303,CNC-MAZAK-02,2024-07-12T10:00:00+08:00,12800,1000,Z,1500,CNC02_SPINDLE_VIB_Z
WAVEFORM-000304,MILL-HAAS-01,2024-07-12T10:00:00+08:00,12800,1000,X,3000,MILL01_SPINDLE_VIB
WAVEFORM-000305,MILL-HAAS-01,2024-07-12T10:00:00+08:00,12800,1000,Y,2500,MILL01_SPINDLE_VIB
WAVEFORM-000306,MILL-HAAS-01,2024-07-12T10:00:00+08:00,12800,1000,Z,1500,MILL01_SPINDLE_VIB
WAVEFORM-000307,CNC-MAZAK-01,2024-07-13T10:00:00+08:00,12800,1000,X,1500,CNC01_SPINDLE_VIB_X
WAVEFORM-000308,CNC-MAZAK-01,2024-07-13T10:00:00+08:00,12800,1000,Y,2500,CNC01_SPINDLE_VIB_Y
WAVEFORM-000309,CNC-MAZAK-01,2024-07-13T10:00:00+08:00,12800,1000,Z,3000,CNC01_SPINDLE_VIB_Z
WAVEFORM-000310,CNC-MAZAK-02,2024-07-13T10:00:00+08:00,12800,1000,X,3000,CNC02_SPINDLE_VIB_X
WAVEFORM-000311,CNC-MAZAK-02,2024-07-13T10:00:00+08:00,12800,1000,Y,1500,CNC02_SPINDLE_VIB_Y
WAVEFORM-000312,CNC-MAZAK-02,2024-07-13T10:00:00+08:00,12800,1000,Z,3000,CNC02_SPINDLE_VIB_Z
WAVEFORM-000313,MILL-HAAS-01,2024-07-13T10:00:00+08:00,12800,1000,X,2000,MILL01_SPINDLE_VIB
WAVEFORM-000314,MILL-HAAS-01,2024-07-13T10:00:00+08:00,12800,1000,Y,1500,MILL01_SPINDLE_VIB
WAVEFORM-000315,MILL-HAAS-01,2024-07-13T10:00:00+08:00,12800,1000,Z,2500,MILL01_SPINDLE_VIB
WAVEFORM-000316,CNC-MAZAK-01,2024-07-23T10:00:00+08:00,12800,1000,X,1500,CNC01_SPINDLE_VIB_X
WAVEFORM-000317,CNC-MAZAK-01,2024-07-23T10:00:00+08:00,12800,1000,Y,3000,CNC01_SPINDLE_VIB_Y
WAVEFORM-000318,CNC-MAZAK-01,2024-07-23T10:00:00+08:00,12800,1000,Z,3000,CNC01_SPINDLE_VIB_Z
WAVEFORM-000319,CNC-MAZAK-02,2024-07-23T10:00:00+08:00,12800,1000,X,2000,CNC02_SPINDLE_VIB_X
WAVEFORM-000320,CNC-MAZAK-02,2024-07-23T10:00:00+08:00,12800,1000,Y,2500,CNC02_SPINDLE_VIB_Y
WAVEFORM-000321,CNC-MAZAK-02,2024-07-23T10:00:00+08:00,12800,1000,Z,2000,CNC02_SPINDLE_VIB_Z
WAVEFORM-000322,MILL-HAAS-01,2024-07-23T10:00:00+08:00,12800,1000,X,1500,MILL01_SPINDLE_VIB
WAVEFORM-000323,MILL-HAAS-01,2024-07-23T10:00:00+08:00,12800,1000,Y,3000,MILL01_SPINDLE_VIB
WAVEFORM-000324,MILL-HAAS-01,2024-07-23T10:00:00+08:00,12800,1000,Z,1500,MILL01_SPINDLE_VIB
WAVEFORM-000325,CNC-MAZAK-01,2024-07-30T10:00:00+08:00,12800,1000,X,2000,CNC01_SPINDLE_VIB_X
WAVEFORM-000326,CNC-MAZAK-01,2024-07-30T10:00:00+08:00,12800,1000,Y,1500,CNC01_SPINDLE_VIB_Y
WAVEFORM-000327,CNC-MAZAK-01,2024-07-30T10:00:00+08:00,12800,1000,Z,1500,CNC01_SPINDLE_VIB_Z
WAVEFORM-000328,CNC-MAZAK-02,2024-07-30T10:00:00+08:00,12800,1000,X,3000,CNC02_SPINDLE_VIB_X
WAVEFORM-000329,CNC-MAZAK-02,2024-07-30T10:00:00+08:00,12800,1000,Y,2500,CNC02_SPINDLE_VIB_Y
WAVEFORM-000330,CNC-MAZAK-02,2024-07-30T10:00:00+08:00,12800,1000,Z,2000,CNC02_SPINDLE_VIB_Z
WAVEFORM-000331,MILL-HAAS-01,2024-07-30T10:00:00+08:00,12800,1000,X,1500,MILL01_SPINDLE_VIB
WAVEFORM-000332,MILL-HAAS-01,2024-07-30T10:00:00+08:00,12800,1000,Y,2000,MILL01_SPINDLE_VIB
WAVEFORM-000333,MILL-HAAS-01,2024-07-30T10:00:00+08:00,12800,1000,Z,1500,MILL01_SPINDLE_VIB
WAVEFORM-000334,CNC-MAZAK-01,2024-07-31T10:00:00+08:00,12800,1000,X,3000,CNC01_SPINDLE_VIB_X
WAVEFORM-000335,CNC-MAZAK-01,2024-07-31T10:00:00+08:00,12800,1000,Y,2000,CNC01_SPINDLE_VIB_Y
WAVEFORM-000336,CNC-MAZAK-01,2024-07-31T10:00:00+08:00,12800,1000,Z,1500,CNC01_SPINDLE_VIB_Z
WAVEFORM-000337,CNC-MAZAK-02,2024-07-31T10:00:00+08:00,12800,1000,X,1500,CNC02_SPINDLE_VIB_X
WAVEFORM-000338,CNC-MAZAK-02,2024-07-31T10:00:00+08:00,12800,1000,Y,3000,CNC02_SPINDLE_VIB_Y
WAVEFORM-000339,CNC-MAZAK-02,2024-07-31T10:00:00+08:00,12800,1000,Z,1500,CNC02_SPINDLE_VIB_Z
WAVEFORM-000340,MILL-HAAS-01,2024-07-31T10:00:00+08:00,12800,1000,X,1500,MILL01_SPINDLE_VIB
WAVEFORM-000341,MILL-HAAS-01,2024-07-31T10:00:00+08:00,12800,1000,Y,2000,MILL01_SPINDLE_VIB
WAVEFORM-000342,MILL-HAAS-01,2024-07-31T10:00:00+08:00,12800,1000,Z,3000,MILL01_SPINDLE_VIB
WAVEFORM-000343,CNC-MAZAK-01,2024-08-02T10:00:00+08:00,12800,1000,X,2000,CNC01_SPINDLE_VIB_X
WAVEFORM-000344,CNC-MAZAK-01,2024-08-02T10:00:00+08:00,12800,1000,Y,1500,CNC01_SPINDLE_VIB_Y
WAVEFORM-000345,CNC-MAZAK-01,2024-08-02T10:00:00+08:00,12800,1000,Z,1500,CNC01_SPINDLE_VIB_Z
WAVEFORM-000346,CNC-MAZAK-02,2024-08-02T10:00:00+08:00,12800,1000,X,2000,CNC02_SPINDLE_VIB_X
WAVEFORM-000347,CNC-MAZAK-02,2024-08-02T10:00:00+08:00,12800,1000,Y,1500,CNC02_SPINDLE_VIB_Y
WAVEFORM-000348,CNC-MAZAK-02,2024-08-02T10:00:00+08:00,12800,1000,Z,3000,CNC02_SPINDLE_VIB_Z
WAVEFORM-000349,MILL-HAAS-01,2024-08-02T10:00:00+08:00,12800,1000,X,1500,MILL01_SPINDLE_VIB
WAVEFORM-000350,MILL-HAAS-01,2024-08-02T10:00:00+08:00,12800,1000,Y,2500,MILL01_SPINDLE_VIB
WAVEFORM-000351,MILL-HAAS-01,2024-08-02T10:00:00+08:00,12800,1000,Z,2500,MILL01_SPINDLE_VIB
WAVEFORM-000352,CNC-MAZAK-01,2024-08-05T10:00:00+08:00,12800,1000,X,3000,CNC01_SPINDLE_VIB_X
WAVEFORM-000353,CNC-MAZAK-01,2024-08-05T10:00:00+08:00,12800,1000,Y,2500,CNC01_SPINDLE_VIB_Y
WAVEFORM-000354,CNC-MAZAK-01,2024-08-05T10:00:00+08:00,12800,1000,Z,2500,CNC01_SPINDLE_VIB_Z
WAVEFORM-000355,CNC-MAZAK-02,2024-08-05T10:00:00+08:00,12800,1000,X,1500,CNC02_SPINDLE_VIB_X
WAVEFORM-000356,CNC-MAZAK-02,2024-08-05T10:00:00+08:00,12800,1000,Y,2500,CNC02_SPINDLE_VIB_Y
WAVEFORM-000357,CNC-MAZAK-02,2024-08-05T10:00:00+08:00,12800,1000,Z,2000,CNC02_SPINDLE_VIB_Z
WAVEFORM-000358,MILL-HAAS-01,2024-08-05T10:00:00+08:00,12800,1000,X,2000,MILL01_SPINDLE_VIB
WAVEFORM-000359,MILL-HAAS-01,2024-08-05T10:00:00+08:00,12800,1000,Y,2000,MILL01_SPINDLE_VIB
WAVEFORM-000360,MILL-HAAS-01,2024-08-05T10:00:00+08:00,12800,1000,Z,2000,MILL01_SPINDLE_VIB
WAVEFORM-000361,CNC-MAZAK-01,2024-08-11T10:00:00+08:00,12800,1000,X,2500,CNC01_SPINDLE_VIB_X
WAVEFORM-000362,CNC-MAZAK-01,2024-08-11T10:00:00+08:00,12800,1000,Y,3000,CNC01_SPINDLE_VIB_Y
WAVEFORM-000363,CNC-MAZAK-01,2024-08-11T10:00:00+08:00,12800,1000,Z,2000,CNC01_SPINDLE_VIB_Z
WAVEFORM-000364,CNC-MAZAK-02,2024-08-11T10:00:00+08:00,12800,1000,X,1500,CNC02_SPINDLE_VIB_X
WAVEFORM-000365,CNC-MAZAK-02,2024-08-11T10:00:00+08:00,12800,1000,Y,3000,CNC02_SPINDLE_VIB_Y
WAVEFORM-000366,CNC-MAZAK-02,2024-08-11T10:00:00+08:00,12800,1000,Z,2500,CNC02_SPINDLE_VIB_Z
WAVEFORM-000367,MILL-HAAS-01,2024-08-11T10:00:00+08:00,12800,1000,X,2000,MILL01_SPINDLE_VIB
WAVEFORM-000368,MILL-HAAS-01,2024-08-11T10:00:00+08:00,12800,1000,Y,1500,MILL01_SPINDLE_VIB
WAVEFORM-000369,MILL-HAAS-01,2024-08-11T10:00:00+08:00,12800,1000,Z,3000,MILL01_SPINDLE_VIB
WAVEFORM-000370,CNC-MAZAK-01,2024-08-15T10:00:00+08:00,12800,1000,X,2000,CNC01_SPINDLE_VIB_X
WAVEFORM-000371,CNC-MAZAK-01,2024-08-15T10:00:00+08:00,12800,1000,Y,1500,CNC01_SPINDLE_VIB_Y
WAVEFORM-000372,CNC-MAZAK-01,2024-08-15T10:00:00+08:00,12800,1000,Z,3000,CNC01_SPINDLE_VIB_Z
WAVEFORM-000373,CNC-MAZAK-02,2024-08-15T10:00:00+08:00,12800,1000,X,3000,CNC02_SPINDLE_VIB_X
WAVEFORM-000374,CNC-MAZAK-02,2024-08-15T10:00:00+08:00,12800,1000,Y,2500,CNC02_SPINDLE_VIB_Y
WAVEFORM-000375,CNC-MAZAK-02,2024-08-15T10:00:00+08:00,12800,1000,Z,2000,CNC02_SPINDLE_VIB_Z
WAVEFORM-000376,MILL-HAAS-01,2024-08-15T10:00:00+08:00,12800,1000,X,3000,MILL01_SPINDLE_VIB
WAVEFORM-000377,MILL-HAAS-01,2024-08-15T10:00:00+08:00,12800,1000,Y,2000,MILL01_SPINDLE_VIB
WAVEFORM-000378,MILL-HAAS-01,2024-08-15T10:00:00+08:00,12800,1000,Z,2500,MILL01_SPINDLE_VIB
WAVEFORM-000379,CNC-MAZAK-01,2024-08-20T10:00:00+08:00,12800,1000,X,3000,CNC01_SPINDLE_VIB_X
WAVEFORM-000380,CNC-MAZAK-01,2024-08-20T10:00:00+08:00,12800,1000,Y,2000,CNC01_SPINDLE_VIB_Y
WAVEFORM-000381,CNC-MAZAK-01,2024-08-20T10:00:00+08:00,12800,1000,Z,3000,CNC01_SPINDLE_VIB_Z
WAVEFORM-000382,CNC-MAZAK-02,2024-08-20T10:00:00+08:00,12800,1000,X,2000,CNC02_SPINDLE_VIB_X
WAVEFORM-000383,CNC-MAZAK-02,2024-08-20T10:00:00+08:00,12800,1000,Y,3000,CNC02_SPINDLE_VIB_Y
WAVEFORM-000384,CNC-MAZAK-02,2024-08-20T10:00:00+08:00,12800,1000,Z,1500,CNC02_SPINDLE_VIB_Z
WAVEFORM-000385,MILL-HAAS-01,2024-08-20T10:00:00+08:00,12800,1000,X,3000,MILL01_SPINDLE_VIB
WAVEFORM-000386,MILL-HAAS-01,2024-08-20T10:00:00+08:00,12800,1000,Y,1500,MILL01_SPINDLE_VIB
WAVEFORM-000387,MILL-HAAS-01,2024-08-20T10:00:00+08:00,12800,1000,Z,1500,MILL01_SPINDLE_VIB
WAVEFORM-000388,CNC-MAZAK-01,2024-08-23T10:00:00+08:00,12800,1000,X,1500,CNC01_SPINDLE_VIB_X
WAVEFORM-000389,CNC-MAZAK-01,2024-08-23T10:00:00+08:00,12800,1000,Y,2500,CNC01_SPINDLE_VIB_Y
WAVEFORM-000390,CNC-MAZAK-01,2024-08-23T10:00:00+08:00,12800,1000,Z,3000,CNC01_SPINDLE_VIB_Z
WAVEFORM-000391,CNC-MAZAK-02,2024-08-23T10:00:00+08:00,12800,1000,X,2000,CNC02_SPINDLE_VIB_X
WAVEFORM-000392,CNC-MAZAK-02,2024-08-23T10:00:00+08:00,12800,1000,Y,3000,CNC02_SPINDLE_VIB_Y
WAVEFORM-000393,CNC-MAZAK-02,2024-08-23T10:00:00+08:00,12800,1000,Z,2500,CNC02_SPINDLE_VIB_Z
WAVEFORM-000394,MILL-HAAS-01,2024-08-23T10:00:00+08:00,12800,1000,X,3000,MILL01_SPINDLE_VIB
WAVEFORM-000395,MILL-HAAS-01,2024-08-23T10:00:00+08:00,12800,1000,Y,2500,MILL01_SPINDLE_VIB
WAVEFORM-000396,MILL-HAAS-01,2024-08-23T10:00:00+08:00,12800,1000,Z,1500,MILL01_SPINDLE_VIB
WAVEFORM-000397,CNC-MAZAK-01,2024-08-27T10:00:00+08:00,12800,1000,X,2000,CNC01_SPINDLE_VIB_X
WAVEFORM-000398,CNC-MAZAK-01,2024-08-27T10:00:00+08:00,12800,1000,Y,2000,CNC01_SPINDLE_VIB_Y
WAVEFORM-000399,CNC-MAZAK-01,2024-08-27T10:00:00+08:00,12800,1000,Z,2000,CNC01_SPINDLE_VIB_Z
WAVEFORM-000400,CNC-MAZAK-02,2024-08-27T10:00:00+08:00,12800,1000,X,2500,CNC02_SPINDLE_VIB_X
WAVEFORM-000401,CNC-MAZAK-02,2024-08-27T10:00:00+08:00,12800,1000,Y,2000,CNC02_SPINDLE_VIB_Y
WAVEFORM-000402,CNC-MAZAK-02,2024-08-27T10:00:00+08:00,12800,1000,Z,2500,CNC02_SPINDLE_VIB_Z
WAVEFORM-000403,MILL-HAAS-01,2024-08-27T10:00:00+08:00,12800,1000,X,2500,MILL01_SPINDLE_VIB
WAVEFORM-000404,MILL-HAAS-01,2024-08-27T10:00:00+08:00,12800,1000,Y,3000,MILL01_SPINDLE_VIB
WAVEFORM-000405,MILL-HAAS-01,2024-08-27T10:00:00+08:00,12800,1000,Z,1500,MILL01_SPINDLE_VIB
WAVEFORM-000406,CNC-MAZAK-01,2024-08-31T10:00:00+08:00,12800,1000,X,2500,CNC01_SPINDLE_VIB_X
WAVEFORM-000407,CNC-MAZAK-01,2024-08-31T10:00:00+08:00,12800,1000,Y,2500,CNC01_SPINDLE_VIB_Y
WAVEFORM-000408,CNC-MAZAK-01,2024-08-31T10:00:00+08:00,12800,1000,Z,2500,CNC01_SPINDLE_VIB_Z
WAVEFORM-000409,CNC-MAZAK-02,2024-08-31T10:00:00+08:00,12800,1000,X,2000,CNC02_SPINDLE_VIB_X
WAVEFORM-000410,CNC-MAZAK-02,2024-08-31T10:00:00+08:00,12800,1000,Y,3000,CNC02_SPINDLE_VIB_Y
WAVEFORM-000411,CNC-MAZAK-02,2024-08-31T10:00:00+08:00,12800,1000,Z,3000,CNC02_SPINDLE_VIB_Z
WAVEFORM-000412,MILL-HAAS-01,2024-08-31T10:00:00+08:00,12800,1000,X,2500,MILL01_SPINDLE_VIB
WAVEFORM-000413,MILL-HAAS-01,2024-08-31T10:00:00+08:00,12800,1000,Y,2500,MILL01_SPINDLE_VIB
WAVEFORM-000414,MILL-HAAS-01,2024-08-31T10:00:00+08:00,12800,1000,Z,3000,MILL01_SPINDLE_VIB
WAVEFORM-000415,CNC-MAZAK-01,2024-09-02T10:00:00+08:00,12800,1000,X,3000,CNC01_SPINDLE_VIB_X
WAVEFORM-000416,CNC-MAZAK-01,2024-09-02T10:00:00+08:00,12800,1000,Y,2000,CNC01_SPINDLE_VIB_Y
WAVEFORM-000417,CNC-MAZAK-01,2024-09-02T10:00:00+08:00,12800,1000,Z,2500,CNC01_SPINDLE_VIB_Z
WAVEFORM-000418,CNC-MAZAK-02,2024-09-02T10:00:00+08:00,12800,1000,X,1500,CNC02_SPINDLE_VIB_X
WAVEFORM-000419,CNC-MAZAK-02,2024-09-02T10:00:00+08:00,12800,1000,Y,2000,CNC02_SPINDLE_VIB_Y
WAVEFORM-000420,CNC-MAZAK-02,2024-09-02T10:00:00+08:00,12800,1000,Z,3000,CNC02_SPINDLE_VIB_Z
WAVEFORM-000421,MILL-HAAS-01,2024-09-02T10:00:00+08:00,12800,1000,X,1500,MILL01_SPINDLE_VIB
WAVEFORM-000422,MILL-HAAS-01,2024-09-02T10:00:00+08:00,12800,1000,Y,3000,MILL01_SPINDLE_VIB
WAVEFORM-000423,MILL-HAAS-01,2024-09-02T10:00:00+08:00,12800,1000,Z,3000,MILL01_SPINDLE_VIB
WAVEFORM-000424,CNC-MAZAK-01,2024-09-17T10:00:00+08:00,12800,1000,X,2500,CNC01_SPINDLE_VIB_X
WAVEFORM-000425,CNC-MAZAK-01,2024-09-17T10:00:00+08:00,12800,1000,Y,2500,CNC01_SPINDLE_VIB_Y
WAVEFORM-000426,CNC-MAZAK-01,2024-09-17T10:00:00+08:00,12800,1000,Z,1500,CNC01_SPINDLE_VIB_Z
WAVEFORM-000427,CNC-MAZAK-02,2024-09-17T10:00:00+08:00,12800,1000,X,3000,CNC02_SPINDLE_VIB_X
WAVEFORM-000428,CNC-MAZAK-02,2024-09-17T10:00:00+08:00,12800,1000,Y,2000,CNC02_SPINDLE_VIB_Y
WAVEFORM-000429,CNC-MAZAK-02,2024-09-17T10:00:00+08:00,12800,1000,Z,2000,CNC02_SPINDLE_VIB_Z
WAVEFORM-000430,MILL-HAAS-01,2024-09-17T10:00:00+08:00,12800,1000,X,2000,MILL01_SPINDLE_VIB
WAVEFORM-000431,MILL-HAAS-01,2024-09-17T10:00:00+08:00,12800,1000,Y,2000,MILL01_SPINDLE_VIB
WAVEFORM-000432,MILL-HAAS-01,2024-09-17T10:00:00+08:00,12800,1000,Z,1500,MILL01_SPINDLE_VIB
WAVEFORM-000433,CNC-MAZAK-01,2024-09-18T10:00:00+08:00,12800,1000,X,2500,CNC01_SPINDLE_VIB_X
WAVEFORM-000434,CNC-MAZAK-01,2024-09-18T10:00:00+08:00,12800,1000,Y,3000,CNC01_SPINDLE_VIB_Y
WAVEFORM-000435,CNC-MAZAK-01,2024-09-18T10:00:00+08:00,12800,1000,Z,1500,CNC01_SPINDLE_VIB_Z
WAVEFORM-000436,CNC-MAZAK-02,2024-09-18T10:00:00+08:00,12800,1000,X,2500,CNC02_SPINDLE_VIB_X
WAVEFORM-000437,CNC-MAZAK-02,2024-09-18T10:00:00+08:00,12800,1000,Y,2000,CNC02_SPINDLE_VIB_Y
WAVEFORM-000438,CNC-MAZAK-02,2024-09-18T10:00:00+08:00,12800,1000,Z,2500,CNC02_SPINDLE_VIB_Z
WAVEFORM-000439,MILL-HAAS-01,2024-09-18T10:00:00+08:00,12800,1000,X,1500,MILL01_SPINDLE_VIB
WAVEFORM-000440,MILL-HAAS-01,2024-09-18T10:00:00+08:00,12800,1000,Y,2500,MILL01_SPINDLE_VIB
WAVEFORM-000441,MILL-HAAS-01,2024-09-18T10:00:00+08:00,12800,1000,Z,2000,MILL01_SPINDLE_VIB
WAVEFORM-000442,CNC-MAZAK-01,2024-09-26T10:00:00+08:00,12800,1000,X,2000,CNC01_SPINDLE_VIB_X
WAVEFORM-000443,CNC-MAZAK-01,2024-09-26T10:00:00+08:00,12800,1000,Y,1500,CNC01_SPINDLE_VIB_Y
WAVEFORM-000444,CNC-MAZAK-01,2024-09-26T10:00:00+08:00,12800,1000,Z,2000,CNC01_SPINDLE_VIB_Z
WAVEFORM-000445,CNC-MAZAK-02,2024-09-26T10:00:00+08:00,12800,1000,X,1500,CNC02_SPINDLE_VIB_X
WAVEFORM-000446,CNC-MAZAK-02,2024-09-26T10:00:00+08:00,12800,1000,Y,3000,CNC02_SPINDLE_VIB_Y
WAVEFORM-000447,CNC-MAZAK-02,2024-09-26T10:00:00+08:00,12800,1000,Z,1500,CNC02_SPINDLE_VIB_Z
WAVEFORM-000448,MILL-HAAS-01,2024-09-26T10:00:00+08:00,12800,1000,X,3000,MILL01_SPINDLE_VIB
WAVEFORM-000449,MILL-HAAS-01,2024-09-26T10:00:00+08:00,12800,1000,Y,1500,MILL01_SPINDLE_VIB
WAVEFORM-000450,MILL-HAAS-01,2024-09-26T10:00:00+08:00,12800,1000,Z,2500,MILL01_SPINDLE_VIB
WAVEFORM-000451,CNC-MAZAK-01,2024-09-30T10:00:00+08:00,12800,1000,X,2500,CNC01_SPINDLE_VIB_X
WAVEFORM-000452,CNC-MAZAK-01,2024-09-30T10:00:00+08:00,12800,1000,Y,3000,CNC01_SPINDLE_VIB_Y
WAVEFORM-000453,CNC-MAZAK-01,2024-09-30T10:00:00+08:00,12800,1000,Z,2000,CNC01_SPINDLE_VIB_Z
WAVEFORM-000454,CNC-MAZAK-02,2024-09-30T10:00:00+08:00,12800,1000,X,2000,CNC02_SPINDLE_VIB_X
WAVEFORM-000455,CNC-MAZAK-02,2024-09-30T10:00:00+08:00,12800,1000,Y,2500,CNC02_SPINDLE_VIB_Y
WAVEFORM-000456,CNC-MAZAK-02,2024-09-30T10:00:00+08:00,12800,1000,Z,2000,CNC02_SPINDLE_VIB_Z
WAVEFORM-000457,MILL-HAAS-01,2024-09-30T10:00:00+08:00,12800,1000,X,3000,MILL01_SPINDLE_VIB
WAVEFORM-000458,MILL-HAAS-01,2024-09-30T10:00:00+08:00,12800,1000,Y,1500,MILL01_SPINDLE_VIB
WAVEFORM-000459,MILL-HAAS-01,2024-09-30T10:00:00+08:00,12800,1000,Z,2000,MILL01_SPINDLE_VIB
WAVEFORM-000460,CNC-MAZAK-01,2024-10-01T10:00:00+08:00,12800,1000,X,1500,CNC01_SPINDLE_VIB_X
WAVEFORM-000461,CNC-MAZAK-01,2024-10-01T10:00:00+08:00,12800,1000,Y,2000,CNC01_SPINDLE_VIB_Y
WAVEFORM-000462,CNC-MAZAK-01,2024-10-01T10:00:00+08:00,12800,1000,Z,1500,CNC01_SPINDLE_VIB_Z
WAVEFORM-000463,CNC-MAZAK-02,2024-10-01T10:00:00+08:00,12800,1000,X,3000,CNC02_SPINDLE_VIB_X
WAVEFORM-000464,CNC-MAZAK-02,2024-10-01T10:00:00+08:00,12800,1000,Y,2500,CNC02_SPINDLE_VIB_Y
WAVEFORM-000465,CNC-MAZAK-02,2024-10-01T10:00:00+08:00,12800,1000,Z,3000,CNC02_SPINDLE_VIB_Z
WAVEFORM-000466,MILL-HAAS-01,2024-10-01T10:00:00+08:00,12800,1000,X,3000,MILL01_SPINDLE_VIB
WAVEFORM-000467,MILL-HAAS-01,2024-10-01T10:00:00+08:00,12800,1000,Y,1500,MILL01_SPINDLE_VIB
WAVEFORM-000468,MILL-HAAS-01,2024-10-01T10:00:00+08:00,12800,1000,Z,1500,MILL01_SPINDLE_VIB
WAVEFORM-000469,CNC-MAZAK-01,2024-10-07T10:00:00+08:00,12800,1000,X,3000,CNC01_SPINDLE_VIB_X
WAVEFORM-000470,CNC-MAZAK-01,2024-10-07T10:00:00+08:00,12800,1000,Y,2000,CNC01_SPINDLE_VIB_Y
WAVEFORM-000471,CNC-MAZAK-01,2024-10-07T10:00:00+08:00,12800,1000,Z,2000,CNC01_SPINDLE_VIB_Z
WAVEFORM-000472,CNC-MAZAK-02,2024-10-07T10:00:00+08:00,12800,1000,X,2000,CNC02_SPINDLE_VIB_X
WAVEFORM-000473,CNC-MAZAK-02,2024-10-07T10:00:00+08:00,12800,1000,Y,2000,CNC02_SPINDLE_VIB_Y
WAVEFORM-000474,CNC-MAZAK-02,2024-10-07T10:00:00+08:00,12800,1000,Z,3000,CNC02_SPINDLE_VIB_Z
WAVEFORM-000475,MILL-HAAS-01,2024-10-07T10:00:00+08:00,12800,1000,X,2000,MILL01_SPINDLE_VIB
WAVEFORM-000476,MILL-HAAS-01,2024-10-07T10:00:00+08:00,12800,1000,Y,2000,MILL01_SPINDLE_VIB
WAVEFORM-000477,MILL-HAAS-01,2024-10-07T10:00:00+08:00,12800,1000,Z,2500,MILL01_SPINDLE_VIB
WAVEFORM-000478,CNC-MAZAK-01,2024-10-10T10:00:00+08:00,12800,1000,X,2000,CNC01_SPINDLE_VIB_X
WAVEFORM-000479,CNC-MAZAK-01,2024-10-10T10:00:00+08:00,12800,1000,Y,2500,CNC01_SPINDLE_VIB_Y
WAVEFORM-000480,CNC-MAZAK-01,2024-10-10T10:00:00+08:00,12800,1000,Z,2500,CNC01_SPINDLE_VIB_Z
WAVEFORM-000481,CNC-MAZAK-02,2024-10-10T10:00:00+08:00,12800,1000,X,2000,CNC02_SPINDLE_VIB_X
WAVEFORM-000482,CNC-MAZAK-02,2024-10-10T10:00:00+08:00,12800,1000,Y,2500,CNC02_SPINDLE_VIB_Y
WAVEFORM-000483,CNC-MAZAK-02,2024-10-10T10:00:00+08:00,12800,1000,Z,3000,CNC02_SPINDLE_VIB_Z
WAVEFORM-000484,MILL-HAAS-01,2024-10-10T10:00:00+08:00,12800,1000,X,3000,MILL01_SPINDLE_VIB
WAVEFORM-000485,MILL-HAAS-01,2024-10-10T10:00:00+08:00,12800,1000,Y,3000,MILL01_SPINDLE_VIB
WAVEFORM-000486,MILL-HAAS-01,2024-10-10T10:00:00+08:00,12800,1000,Z,3000,MILL01_SPINDLE_VIB
WAVEFORM-000487,CNC-MAZAK-01,2024-10-14T10:00:00+08:00,12800,1000,X,1500,CNC01_SPINDLE_VIB_X
WAVEFORM-000488,CNC-MAZAK-01,2024-10-14T10:00:00+08:00,12800,1000,Y,2000,CNC01_SPINDLE_VIB_Y
WAVEFORM-000489,CNC-MAZAK-01,2024-10-14T10:00:00+08:00,12800,1000,Z,2500,CNC01_SPINDLE_VIB_Z
WAVEFORM-000490,CNC-MAZAK-02,2024-10-14T10:00:00+08:00,12800,1000,X,2000,CNC02_SPINDLE_VIB_X
WAVEFORM-000491,CNC-MAZAK-02,2024-10-14T10:00:00+08:00,12800,1000,Y,3000,CNC02_SPINDLE_VIB_Y
WAVEFORM-000492,CNC-MAZAK-02,2024-10-14T10:00:00+08:00,12800,1000,Z,2000,CNC02_SPINDLE_VIB_Z
WAVEFORM-000493,MILL-HAAS-01,2024-10-14T10:00:00+08:00,12800,1000,X,2000,MILL01_SPINDLE_VIB
WAVEFORM-000494,MILL-HAAS-01,2024-10-14T10:00:00+08:00,12800,1000,Y,3000,MILL01_SPINDLE_VIB
WAVEFORM-000495,MILL-HAAS-01,2024-10-14T10:00:00+08:00,12800,1000,Z,2000,MILL01_SPINDLE_VIB
WAVEFORM-000496,CNC-MAZAK-01,2024-10-16T10:00:00+08:00,12800,1000,X,2500,CNC01_SPINDLE_VIB_X
WAVEFORM-000497,CNC-MAZAK-01,2024-10-16T10:00:00+08:00,12800,1000,Y,2500,CNC01_SPINDLE_VIB_Y
WAVEFORM-000498,CNC-MAZAK-01,2024-10-16T10:00:00+08:00,12800,1000,Z,2500,CNC01_SPINDLE_VIB_Z
WAVEFORM-000499,CNC-MAZAK-02,2024-10-16T10:00:00+08:00,12800,1000,X,2500,CNC02_SPINDLE_VIB_X
WAVEFORM-000500,CNC-MAZAK-02,2024-10-16T10:00:00+08:00,12800,1000,Y,1500,CNC02_SPINDLE_VIB_Y
WAVEFORM-000501,CNC-MAZAK-02,2024-10-16T10:00:00+08:00,12800,1000,Z,2500,CNC02_SPINDLE_VIB_Z
WAVEFORM-000502,MILL-HAAS-01,2024-10-16T10:00:00+08:00,12800,1000,X,2500,MILL01_SPINDLE_VIB
WAVEFORM-000503,MILL-HAAS-01,2024-10-16T10:00:00+08:00,12800,1000,Y,3000,MILL01_SPINDLE_VIB
WAVEFORM-000504,MILL-HAAS-01,2024-10-16T10:00:00+08:00,12800,1000,Z,1500,MILL01_SPINDLE_VIB
WAVEFORM-000505,CNC-MAZAK-01,2024-10-19T10:00:00+08:00,12800,1000,X,3000,CNC01_SPINDLE_VIB_X
WAVEFORM-000506,CNC-MAZAK-01,2024-10-19T10:00:00+08:00,12800,1000,Y,1500,CNC01_SPINDLE_VIB_Y
WAVEFORM-000507,CNC-MAZAK-01,2024-10-19T10:00:00+08:00,12800,1000,Z,3000,CNC01_SPINDLE_VIB_Z
WAVEFORM-000508,CNC-MAZAK-02,2024-10-19T10:00:00+08:00,12800,1000,X,1500,CNC02_SPINDLE_VIB_X
WAVEFORM-000509,CNC-MAZAK-02,2024-10-19T10:00:00+08:00,12800,1000,Y,1500,CNC02_SPINDLE_VIB_Y
WAVEFORM-000510,CNC-MAZAK-02,2024-10-19T10:00:00+08:00,12800,1000,Z,2000,CNC02_SPINDLE_VIB_Z
WAVEFORM-000511,MILL-HAAS-01,2024-10-19T10:00:00+08:00,12800,1000,X,1500,MILL01_SPINDLE_VIB
WAVEFORM-000512,MILL-HAAS-01,2024-10-19T10:00:00+08:00,12800,1000,Y,2000,MILL01_SPINDLE_VIB
WAVEFORM-000513,MILL-HAAS-01,2024-10-19T10:00:00+08:00,12800,1000,Z,2500,MILL01_SPINDLE_VIB
WAVEFORM-000514,CNC-MAZAK-01,2024-10-23T10:00:00+08:00,12800,1000,X,2000,CNC01_SPINDLE_VIB_X
WAVEFORM-000515,CNC-MAZAK-01,2024-10-23T10:00:00+08:00,12800,1000,Y,2500,CNC01_SPINDLE_VIB_Y
WAVEFORM-000516,CNC-MAZAK-01,2024-10-23T10:00:00+08:00,12800,1000,Z,1500,CNC01_SPINDLE_VIB_Z
WAVEFORM-000517,CNC-MAZAK-02,2024-10-23T10:00:00+08:00,12800,1000,X,2500,CNC02_SPINDLE_VIB_X
WAVEFORM-000518,CNC-MAZAK-02,2024-10-23T10:00:00+08:00,12800,1000,Y,3000,CNC02_SPINDLE_VIB_Y
WAVEFORM-000519,CNC-MAZAK-02,2024-10-23T10:00:00+08:00,12800,1000,Z,2000,CNC02_SPINDLE_VIB_Z
WAVEFORM-000520,MILL-HAAS-01,2024-10-23T10:00:00+08:00,12800,1000,X,3000,MILL01_SPINDLE_VIB
WAVEFORM-000521,MILL-HAAS-01,2024-10-23T10:00:00+08:00,12800,1000,Y,2500,MILL01_SPINDLE_VIB
WAVEFORM-000522,MILL-HAAS-01,2024-10-23T10:00:00+08:00,12800,1000,Z,3000,MILL01_SPINDLE_VIB
WAVEFORM-000523,CNC-MAZAK-01,2024-10-24T10:00:00+08:00,12800,1000,X,3000,CNC01_SPINDLE_VIB_X
WAVEFORM-000524,CNC-MAZAK-01,2024-10-24T10:00:00+08:00,12800,1000,Y,2500,CNC01_SPINDLE_VIB_Y
WAVEFORM-000525,CNC-MAZAK-01,2024-10-24T10:00:00+08:00,12800,1000,Z,2000,CNC01_SPINDLE_VIB_Z
WAVEFORM-000526,CNC-MAZAK-02,2024-10-24T10:00:00+08:00,12800,1000,X,2000,CNC02_SPINDLE_VIB_X
WAVEFORM-000527,CNC-MAZAK-02,2024-10-24T10:00:00+08:00,12800,1000,Y,2000,CNC02_SPINDLE_VIB_Y
WAVEFORM-000528,CNC-MAZAK-02,2024-10-24T10:00:00+08:00,12800,1000,Z,2500,CNC02_SPINDLE_VIB_Z
WAVEFORM-000529,MILL-HAAS-01,2024-10-24T10:00:00+08:00,12800,1000,X,2500,MILL01_SPINDLE_VIB
WAVEFORM-000530,MILL-HAAS-01,2024-10-24T10:00:00+08:00,12800,1000,Y,2000,MILL01_SPINDLE_VIB
WAVEFORM-000531,MILL-HAAS-01,2024-10-24T10:00:00+08:00,12800,1000,Z,3000,MILL01_SPINDLE_VIB
WAVEFORM-000532,CNC-MAZAK-01,2024-10-28T10:00:00+08:00,12800,1000,X,2000,CNC01_SPINDLE_VIB_X
WAVEFORM-000533,CNC-MAZAK-01,2024-10-28T10:00:00+08:00,12800,1000,Y,3000,CNC01_SPINDLE_VIB_Y
WAVEFORM-000534,CNC-MAZAK-01,2024-10-28T10:00:00+08:00,12800,1000,Z,2500,CNC01_SPINDLE_VIB_Z
WAVEFORM-000535,CNC-MAZAK-02,2024-10-28T10:00:00+08:00,12800,1000,X,2500,CNC02_SPINDLE_VIB_X
WAVEFORM-000536,CNC-MAZAK-02,2024-10-28T10:00:00+08:00,12800,1000,Y,3000,CNC02_SPINDLE_VIB_Y
WAVEFORM-000537,CNC-MAZAK-02,2024-10-28T10:00:00+08:00,12800,1000,Z,1500,CNC02_SPINDLE_VIB_Z
WAVEFORM-000538,MILL-HAAS-01,2024-10-28T10:00:00+08:00,12800,1000,X,2000,MILL01_SPINDLE_VIB
WAVEFORM-000539,MILL-HAAS-01,2024-10-28T10:00:00+08:00,12800,1000,Y,2500,MILL01_SPINDLE_VIB
WAVEFORM-000540,MILL-HAAS-01,2024-10-28T10:00:00+08:00,12800,1000,Z,1500,MILL01_SPINDLE_VIB
WAVEFORM-000541,CNC-MAZAK-01,2024-11-12T10:00:00+08:00,12800,1000,X,3000,CNC01_SPINDLE_VIB_X
WAVEFORM-000542,CNC-MAZAK-01,2024-11-12T10:00:00+08:00,12800,1000,Y,2000,CNC01_SPINDLE_VIB_Y
WAVEFORM-000543,CNC-MAZAK-01,2024-11-12T10:00:00+08:00,12800,1000,Z,2000,CNC01_SPINDLE_VIB_Z
WAVEFORM-000544,CNC-MAZAK-02,2024-11-12T10:00:00+08:00,12800,1000,X,3000,CNC02_SPINDLE_VIB_X
WAVEFORM-000545,CNC-MAZAK-02,2024-11-12T10:00:00+08:00,12800,1000,Y,2000,CNC02_SPINDLE_VIB_Y
WAVEFORM-000546,CNC-MAZAK-02,2024-11-12T10:00:00+08:00,12800,1000,Z,2500,CNC02_SPINDLE_VIB_Z
WAVEFORM-000547,MILL-HAAS-01,2024-11-12T10:00:00+08:00,12800,1000,X,2000,MILL01_SPINDLE_VIB
WAVEFORM-000548,MILL-HAAS-01,2024-11-12T10:00:00+08:00,12800,1000,Y,2500,MILL01_SPINDLE_VIB
WAVEFORM-000549,MILL-HAAS-01,2024-11-12T10:00:00+08:00,12800,1000,Z,2000,MILL01_SPINDLE_VIB
WAVEFORM-000550,CNC-MAZAK-01,2024-11-24T10:00:00+08:00,12800,1000,X,1500,CNC01_SPINDLE_VIB_X
WAVEFORM-000551,CNC-MAZAK-01,2024-11-24T10:00:00+08:00,12800,1000,Y,3000,CNC01_SPINDLE_VIB_Y
WAVEFORM-000552,CNC-MAZAK-01,2024-11-24T10:00:00+08:00,12800,1000,Z,1500,CNC01_SPINDLE_VIB_Z
WAVEFORM-000553,CNC-MAZAK-02,2024-11-24T10:00:00+08:00,12800,1000,X,2000,CNC02_SPINDLE_VIB_X
WAVEFORM-000554,CNC-MAZAK-02,2024-11-24T10:00:00+08:00,12800,1000,Y,1500,CNC02_SPINDLE_VIB_Y
WAVEFORM-000555,CNC-MAZAK-02,2024-11-24T10:00:00+08:00,12800,1000,Z,3000,CNC02_SPINDLE_VIB_Z
WAVEFORM-000556,MILL-HAAS-01,2024-11-24T10:00:00+08:00,12800,1000,X,1500,MILL01_SPINDLE_VIB
WAVEFORM-000557,MILL-HAAS-01,2024-11-24T10:00:00+08:00,12800,1000,Y,1500,MILL01_SPINDLE_VIB
WAVEFORM-000558,MILL-HAAS-01,2024-11-24T10:00:00+08:00,12800,1000,Z,2000,MILL01_SPINDLE_VIB
WAVEFORM-000559,CNC-MAZAK-01,2024-12-03T10:00:00+08:00,12800,1000,X,2000,CNC01_SPINDLE_VIB_X
WAVEFORM-000560,CNC-MAZAK-01,2024-12-03T10:00:00+08:00,12800,1000,Y,1500,CNC01_SPINDLE_VIB_Y
WAVEFORM-000561,CNC-MAZAK-01,2024-12-03T10:00:00+08:00,12800,1000,Z,2000,CNC01_SPINDLE_VIB_Z
WAVEFORM-000562,CNC-MAZAK-02,2024-12-03T10:00:00+08:00,12800,1000,X,3000,CNC02_SPINDLE_VIB_X
WAVEFORM-000563,CNC-MAZAK-02,2024-12-03T10:00:00+08:00,12800,1000,Y,1500,CNC02_SPINDLE_VIB_Y
WAVEFORM-000564,CNC-MAZAK-02,2024-12-03T10:00:00+08:00,12800,1000,Z,2000,CNC02_SPINDLE_VIB_Z
WAVEFORM-000565,MILL-HAAS-01,2024-12-03T10:00:00+08:00,12800,1000,X,1500,MILL01_SPINDLE_VIB
WAVEFORM-000566,MILL-HAAS-01,2024-12-03T10:00:00+08:00,12800,1000,Y,3000,MILL01_SPINDLE_VIB
WAVEFORM-000567,MILL-HAAS-01,2024-12-03T10:00:00+08:00,12800,1000,Z,1500,MILL01_SPINDLE_VIB
WAVEFORM-000568,CNC-MAZAK-01,2024-12-14T10:00:00+08:00,12800,1000,X,3000,CNC01_SPINDLE_VIB_X
WAVEFORM-000569,CNC-MAZAK-01,2024-12-14T10:00:00+08:00,12800,1000,Y,2000,CNC01_SPINDLE_VIB_Y
WAVEFORM-000570,CNC-MAZAK-01,2024-12-14T10:00:00+08:00,12800,1000,Z,3000,CNC01_SPINDLE_VIB_Z
WAVEFORM-000571,CNC-MAZAK-02,2024-12-14T10:00:00+08:00,12800,1000,X,1500,CNC02_SPINDLE_VIB_X
WAVEFORM-000572,CNC-MAZAK-02,2024-12-14T10:00:00+08:00,12800,1000,Y,1500,CNC02_SPINDLE_VIB_Y
WAVEFORM-000573,CNC-MAZAK-02,2024-12-14T10:00:00+08:00,12800,1000,Z,3000,CNC02_SPINDLE_VIB_Z
WAVEFORM-000574,MILL-HAAS-01,2024-12-14T10:00:00+08:00,12800,1000,X,3000,MILL01_SPINDLE_VIB
WAVEFORM-000575,MILL-HAAS-01,2024-12-14T10:00:00+08:00,12800,1000,Y,1500,MILL01_SPINDLE_VIB
WAVEFORM-000576,MILL-HAAS-01,2024-12-14T10:00:00+08:00,12800,1000,Z,1500,MILL01_SPINDLE_VIB
WAVEFORM-000577,CNC-MAZAK-01,2024-12-17T10:00:00+08:00,12800,1000,X,3000,CNC01_SPINDLE_VIB_X
WAVEFORM-000578,CNC-MAZAK-01,2024-12-17T10:00:00+08:00,12800,1000,Y,3000,CNC01_SPINDLE_VIB_Y
WAVEFORM-000579,CNC-MAZAK-01,2024-12-17T10:00:00+08:00,12800,1000,Z,1500,CNC01_SPINDLE_VIB_Z
WAVEFORM-000580,CNC-MAZAK-02,2024-12-17T10:00:00+08:00,12800,1000,X,2000,CNC02_SPINDLE_VIB_X
WAVEFORM-000581,CNC-MAZAK-02,2024-12-17T10:00:00+08:00,12800,1000,Y,1500,CNC02_SPINDLE_VIB_Y
WAVEFORM-000582,CNC-MAZAK-02,2024-12-17T10:00:00+08:00,12800,1000,Z,3000,CNC02_SPINDLE_VIB_Z
WAVEFORM-000583,MILL-HAAS-01,2024-12-17T10:00:00+08:00,12800,1000,X,3000,MILL01_SPINDLE_VIB
WAVEFORM-000584,MILL-HAAS-01,2024-12-17T10:00:00+08:00,12800,1000,Y,2000,MILL01_SPINDLE_VIB
WAVEFORM-000585,MILL-HAAS-01,2024-12-17T10:00:00+08:00,12800,1000,Z,2000,MILL01_SPINDLE_VIB
WAVEFORM-000586,CNC-MAZAK-01,2024-12-31T10:00:00+08:00,12800,1000,X,3000,CNC01_SPINDLE_VIB_X
WAVEFORM-000587,CNC-MAZAK-01,2024-12-31T10:00:00+08:00,12800,1000,Y,2500,CNC01_SPINDLE_VIB_Y
WAVEFORM-000588,CNC-MAZAK-01,2024-12-31T10:00:00+08:00,12800,1000,Z,3000,CNC01_SPINDLE_VIB_Z
WAVEFORM-000589,CNC-MAZAK-02,2024-12-31T10:00:00+08:00,12800,1000,X,1500,CNC02_SPINDLE_VIB_X
WAVEFORM-000590,CNC-MAZAK-02,2024-12-31T10:00:00+08:00,12800,1000,Y,2500,CNC02_SPINDLE_VIB_Y
WAVEFORM-000591,CNC-MAZAK-02,2024-12-31T10:00:00+08:00,12800,1000,Z,1500,CNC02_SPINDLE_VIB_Z
WAVEFORM-000592,MILL-HAAS-01,2024-12-31T10:00:00+08:00,12800,1000,X,2500,MILL01_SPINDLE_VIB
WAVEFORM-000593,MILL-HAAS-01,2024-12-31T10:00:00+08:00,12800,1000,Y,2500,MILL01_SPINDLE_VIB
WAVEFORM-000594,MILL-HAAS-01,2024-12-31T10:00:00+08:00,12800,1000,Z,2500,MILL01_SPINDLE_VIB
